com.igalia.metamail.jobs.MessagesByThreadLength,36.00
com.igalia.metamail.jobs.MessagesByThreadLength,38.00
com.igalia.metamail.jobs.MessagesByThreadLength,36.00
com.igalia.metamail.jobs.MessagesByThreadLength,38.00
com.igalia.metamail.jobs.MessagesByThreadLength,39.00
com.igalia.metamail.jobs.MessagesByThreadLength,39.00
com.igalia.metamail.jobs.MessagesByThreadLength,40.00
com.igalia.metamail.jobs.MessagesByThreadLength,39.00
com.igalia.metamail.jobs.MessagesByThreadLength,38.00
com.igalia.metamail.jobs.MessagesByThreadLength,39.00
com.igalia.metamail.jobs.MessagesByThreadLength,40.00
com.igalia.metamail.jobs.MessagesByThreadLength,40.00
com.igalia.metamail.jobs.MessagesByThreadLength,40.00
com.igalia.metamail.jobs.MessagesByThreadLength,40.00
com.igalia.metamail.jobs.MessagesByThreadLength,40.00
com.igalia.metamail.jobs.MessagesByThreadLength,40.00
com.igalia.metamail.jobs.MessagesByThreadLength,43.00
com.igalia.metamail.jobs.MessagesByThreadLength,40.00
com.igalia.metamail.jobs.MessagesByThreadLength,41.00
com.igalia.metamail.jobs.MessagesByThreadLength,41.00
