com.igalia.metamail.jobs.MessagesReceived,44.00
com.igalia.metamail.jobs.MessagesReceived,45.00
com.igalia.metamail.jobs.MessagesReceived,45.00
com.igalia.metamail.jobs.MessagesReceived,42.00
com.igalia.metamail.jobs.MessagesReceived,42.00
com.igalia.metamail.jobs.MessagesReceived,42.00
com.igalia.metamail.jobs.MessagesReceived,43.00
com.igalia.metamail.jobs.MessagesReceived,41.00
com.igalia.metamail.jobs.MessagesReceived,43.00
com.igalia.metamail.jobs.MessagesReceived,43.00
com.igalia.metamail.jobs.MessagesReceived,43.00
com.igalia.metamail.jobs.MessagesReceived,42.00
com.igalia.metamail.jobs.MessagesReceived,43.00
com.igalia.metamail.jobs.MessagesReceived,43.00
com.igalia.metamail.jobs.MessagesReceived,42.00
com.igalia.metamail.jobs.MessagesReceived,43.00
com.igalia.metamail.jobs.MessagesReceived,47.00
com.igalia.metamail.jobs.MessagesReceived,43.00
com.igalia.metamail.jobs.MessagesReceived,42.00
com.igalia.metamail.jobs.MessagesReceived,44.00
